,j,Polarity,Coverage,Overlaps,Conflicts
Refund,0,[1],0.24948453608247423,0.02268041237113402,0.0
COVID-19,1,[1],0.18969072164948453,0.02268041237113402,0.0
